1.000000000000000056e-01,1.000000000000000056e-01,1.000000000000000056e-01,2.000000000000000000e+00,3.193543822537937160e+01,3.069465178623570978e+01,0.000000000000000000e+00,0.000000000000000000e+00,0.000000000000000000e+00,0.000000000000000000e+00,0.000000000000000000e+00,0.000000000000000000e+00
1.000000000000000056e-01,1.000000000000000056e-01,2.000000000000000111e-01,2.000000000000000000e+00,3.382433455610814832e+01,3.340277132434993490e+01,0.000000000000000000e+00,0.000000000000000000e+00,0.000000000000000000e+00,0.000000000000000000e+00,0.000000000000000000e+00,0.000000000000000000e+00
1.000000000000000056e-01,1.000000000000000056e-01,3.000000000000000444e-01,2.000000000000000000e+00,3.411429155715043038e+01,3.405361686658456932e+01,0.000000000000000000e+00,0.000000000000000000e+00,0.000000000000000000e+00,0.000000000000000000e+00,0.000000000000000000e+00,0.000000000000000000e+00
1.000000000000000056e-01,1.000000000000000056e-01,4.000000000000000222e-01,0.000000000000000000e+00,1.111203677742128804e+01,4.273274791539702022e+01,0.000000000000000000e+00,0.000000000000000000e+00,0.000000000000000000e+00,0.000000000000000000e+00,0.000000000000000000e+00,0.000000000000000000e+00
1.000000000000000056e-01,1.000000000000000056e-01,5.000000000000000000e-01,0.000000000000000000e+00,1.113629607338396177e+01,5.446630642237869324e+01,0.000000000000000000e+00,0.000000000000000000e+00,0.000000000000000000e+00,0.000000000000000000e+00,0.000000000000000000e+00,0.000000000000000000e+00
1.000000000000000056e-01,1.000000000000000056e-01,6.000000000000000888e-01,0.000000000000000000e+00,1.165140083063291954e+01,6.635783310267578372e+01,0.000000000000000000e+00,0.000000000000000000e+00,0.000000000000000000e+00,0.000000000000000000e+00,0.000000000000000000e+00,0.000000000000000000e+00
1.000000000000000056e-01,1.000000000000000056e-01,7.000000000000000666e-01,0.000000000000000000e+00,1.167672691937380947e+01,7.860658565788300223e+01,0.000000000000000000e+00,0.000000000000000000e+00,0.000000000000000000e+00,0.000000000000000000e+00,0.000000000000000000e+00,0.000000000000000000e+00
1.000000000000000056e-01,1.000000000000000056e-01,8.000000000000000444e-01,0.000000000000000000e+00,1.170205283957948339e+01,9.101075200503197493e+01,0.000000000000000000e+00,0.000000000000000000e+00,0.000000000000000000e+00,0.000000000000000000e+00,0.000000000000000000e+00,0.000000000000000000e+00
1.000000000000000056e-01,1.000000000000000056e-01,9.000000000000000222e-01,0.000000000000000000e+00,1.172737886013334752e+01,1.032647812630322619e+02,0.000000000000000000e+00,0.000000000000000000e+00,0.000000000000000000e+00,0.000000000000000000e+00,0.000000000000000000e+00,0.000000000000000000e+00
1.000000000000000056e-01,1.000000000000000056e-01,1.000000000000000000e+00,0.000000000000000000e+00,1.175273553338149490e+01,1.157009448855066722e+02,0.000000000000000000e+00,0.000000000000000000e+00,0.000000000000000000e+00,0.000000000000000000e+00,0.000000000000000000e+00,0.000000000000000000e+00
1.000000000000000056e-01,2.000000000000000111e-01,2.000000000000000111e-01,1.000000000000000000e+00,2.168476667678980263e+01,4.266869126761675091e+01,0.000000000000000000e+00,0.000000000000000000e+00,0.000000000000000000e+00,0.000000000000000000e+00,0.000000000000000000e+00,0.000000000000000000e+00
1.000000000000000056e-01,2.000000000000000111e-01,3.000000000000000444e-01,1.000000000000000000e+00,2.350027395622343107e+01,4.734865752794497240e+01,1.061743106262807146e+01,0.000000000000000000e+00,3.659156787362162078e+01,3.104227087056050749e+01,0.000000000000000000e+00,3.738936292089362468e+01
1.000000000000000056e-01,2.000000000000000111e-01,4.000000000000000222e-01,1.000000000000000000e+00,2.423113471663032215e+01,4.869328937610367092e+01,1.113629694314599305e+01,0.000000000000000000e+00,3.722120958060271079e+01,4.267711373647574646e+01,0.000000000000000000e+00,3.784785197561198089e+01
1.000000000000000056e-01,2.000000000000000111e-01,5.000000000000000000e-01,0.000000000000000000e+00,1.116055623910866679e+01,5.445273411071493541e+01,0.000000000000000000e+00,2.461836310607980849e+01,3.748158401638033155e+01,0.000000000000000000e+00,4.949957483807516923e+01,3.811986646265935974e+01
1.000000000000000056e-01,2.000000000000000111e-01,6.000000000000000888e-01,0.000000000000000000e+00,1.167672796896914100e+01,6.637286056034970727e+01,0.000000000000000000e+00,2.467187387043026447e+01,3.808935218878769291e+01,0.000000000000000000e+00,5.006745754058042763e+01,3.823009801747770808e+01
1.000000000000000056e-01,2.000000000000000111e-01,7.000000000000000666e-01,0.000000000000000000e+00,1.170205405771002916e+01,7.869410819316846073e+01,0.000000000000000000e+00,2.505727965531824708e+01,3.728221192665829165e+01,0.000000000000000000e+00,5.054967461813200913e+01,3.846607153372631416e+01
1.000000000000000056e-01,2.000000000000000111e-01,8.000000000000000444e-01,0.000000000000000000e+00,1.172737997791570486e+01,9.092525759710805744e+01,0.000000000000000000e+00,2.511150933687605402e+01,3.772599769346450671e+01,0.000000000000000000e+00,5.089494774662605892e+01,3.871542330389162601e+01
1.000000000000000056e-01,2.000000000000000111e-01,9.000000000000000222e-01,0.000000000000000000e+00,1.175270599846956898e+01,1.032906320442355366e+02,0.000000000000000000e+00,2.549509726964077316e+01,3.725834702665149933e+01,0.000000000000000000e+00,5.117869810080173920e+01,3.853339427276864626e+01
1.000000000000000056e-01,2.000000000000000111e-01,1.000000000000000000e+00,0.000000000000000000e+00,1.177806267171771815e+01,1.157467948292887741e+02,0.000000000000000000e+00,2.522003476549046042e+01,3.824506707922822102e+01,0.000000000000000000e+00,5.144439229238635392e+01,3.897978553150090164e+01
1.000000000000000056e-01,3.000000000000000444e-01,3.000000000000000444e-01,1.000000000000000000e+00,2.320564046364161825e+01,6.670202461587817311e+01,0.000000000000000000e+00,0.000000000000000000e+00,0.000000000000000000e+00,0.000000000000000000e+00,0.000000000000000000e+00,0.000000000000000000e+00
1.000000000000000056e-01,3.000000000000000444e-01,4.000000000000000222e-01,1.000000000000000000e+00,2.394544240809083391e+01,7.232325008434000324e+01,1.116055617633632657e+01,0.000000000000000000e+00,3.800674007614469474e+01,4.266971508682821224e+01,0.000000000000000000e+00,3.850821305935858163e+01
1.000000000000000056e-01,3.000000000000000444e-01,5.000000000000000000e-01,1.000000000000000000e+00,2.467187500983796511e+01,7.443375140121553102e+01,1.118481547229900031e+01,0.000000000000000000e+00,3.859705802480797843e+01,5.449117069084424969e+01,0.000000000000000000e+00,3.867673473770575043e+01
1.000000000000000056e-01,3.000000000000000444e-01,6.000000000000000888e-01,1.000000000000000000e+00,2.472538577418842110e+01,7.562141948692463700e+01,1.120907418894712038e+01,0.000000000000000000e+00,3.782245173535604010e+01,6.632502340742703950e+01,0.000000000000000000e+00,3.899532479055363154e+01
1.000000000000000056e-01,3.000000000000000444e-01,7.000000000000000666e-01,0.000000000000000000e+00,1.172738022249861523e+01,7.856744273730951988e+01,0.000000000000000000e+00,2.511150986059456969e+01,3.825457925659016922e+01,0.000000000000000000e+00,7.652574497017884880e+01,3.927344211303092436e+01
1.000000000000000056e-01,3.000000000000000444e-01,8.000000000000000444e-01,0.000000000000000000e+00,1.175270614270428915e+01,9.093923143279867816e+01,0.000000000000000000e+00,2.549509758252856528e+01,3.780746984122450982e+01,0.000000000000000000e+00,7.717520210647144552e+01,3.912467105617674434e+01
1.000000000000000056e-01,3.000000000000000444e-01,9.000000000000000222e-01,0.000000000000000000e+00,1.177803216325815328e+01,1.033775144316020516e+02,0.000000000000000000e+00,2.555003721579751286e+01,3.876325364365612813e+01,0.000000000000000000e+00,7.774906280531835989e+01,3.955065811016005739e+01
1.000000000000000056e-01,3.000000000000000444e-01,1.000000000000000000e+00,0.000000000000000000e+00,1.180338883650630066e+01,1.157108452071243363e+02,0.000000000000000000e+00,2.560504334383136182e+01,3.832730478658265838e+01,0.000000000000000000e+00,7.819955463941040819e+01,3.958129049936439259e+01
1.000000000000000056e-01,4.000000000000000222e-01,4.000000000000000222e-01,1.000000000000000000e+00,2.365418658939351104e+01,9.121465506570784498e+01,0.000000000000000000e+00,0.000000000000000000e+00,0.000000000000000000e+00,0.000000000000000000e+00,0.000000000000000000e+00,0.000000000000000000e+00
1.000000000000000056e-01,4.000000000000000222e-01,5.000000000000000000e-01,1.000000000000000000e+00,2.472538631042833757e+01,9.763895564246871572e+01,1.120907443204759524e+01,0.000000000000000000e+00,3.799825722538383133e+01,5.454506482451660787e+01,0.000000000000000000e+00,3.918952248184744747e+01
1.000000000000000056e-01,4.000000000000000222e-01,6.000000000000000888e-01,1.000000000000000000e+00,2.444227288770011342e+01,1.002529309358445744e+02,1.123333314869571531e+01,0.000000000000000000e+00,3.842658923487313416e+01,6.640311894705628504e+01,0.000000000000000000e+00,3.946134437800181161e+01
1.000000000000000056e-01,4.000000000000000222e-01,7.000000000000000666e-01,1.000000000000000000e+00,2.516573945460665129e+01,1.021609571446858240e+02,1.175270610181937236e+01,0.000000000000000000e+00,3.798616501128303469e+01,7.863394634407599426e+01,0.000000000000000000e+00,3.939915196582106205e+01
1.000000000000000056e-01,4.000000000000000222e-01,8.000000000000000444e-01,1.000000000000000000e+00,2.555003690942110950e+01,1.032774442615561412e+02,1.177803202202504629e+01,0.000000000000000000e+00,3.909856393802775898e+01,9.093356731342207411e+01,0.000000000000000000e+00,3.985162904708212039e+01
1.000000000000000056e-01,4.000000000000000222e-01,9.000000000000000222e-01,1.000000000000000000e+00,2.560497654269006063e+01,1.041928135634703239e+02,1.180335804257891219e+01,0.000000000000000000e+00,3.867554309560179604e+01,1.032963303791962915e+02,0.000000000000000000e+00,3.985925210130130836e+01
1.000000000000000056e-01,4.000000000000000222e-01,1.000000000000000000e+00,0.000000000000000000e+00,1.182871471582705958e+01,1.158031642259719689e+02,0.000000000000000000e+00,2.565998267072391315e+01,3.926681110703390942e+01,0.000000000000000000e+00,1.048824824813343497e+02,4.012273371260737775e+01
1.000000000000000056e-01,5.000000000000000000e-01,5.000000000000000000e-01,1.000000000000000000e+00,2.375679604806521183e+01,1.162540521882789761e+02,0.000000000000000000e+00,0.000000000000000000e+00,0.000000000000000000e+00,0.000000000000000000e+00,0.000000000000000000e+00,0.000000000000000000e+00
1.000000000000000056e-01,5.000000000000000000e-01,6.000000000000000888e-01,1.000000000000000000e+00,2.449505796263149549e+01,1.235230592667321616e+02,1.125759244465838727e+01,0.000000000000000000e+00,3.816273110183328754e+01,6.638419511519607852e+01,0.000000000000000000e+00,3.950297182951376129e+01
1.000000000000000056e-01,5.000000000000000000e-01,7.000000000000000666e-01,1.000000000000000000e+00,2.521996980020714574e+01,1.267745249363403843e+02,1.177803233214104850e+01,0.000000000000000000e+00,3.926322919309094317e+01,7.850924181220609910e+01,0.000000000000000000e+00,3.996075558934932559e+01
1.000000000000000056e-01,5.000000000000000000e-01,8.000000000000000444e-01,1.000000000000000000e+00,2.527419948176495268e+01,1.283162893073376551e+02,1.180335825234672242e+01,0.000000000000000000e+00,3.884660556539773779e+01,9.090415337494466996e+01,0.000000000000000000e+00,4.001502305392190095e+01
1.000000000000000056e-01,5.000000000000000000e-01,9.000000000000000222e-01,1.000000000000000000e+00,2.565991663100746933e+01,1.303156144905088354e+02,1.182868427290058833e+01,0.000000000000000000e+00,3.943208241942226522e+01,1.033946542589678330e+02,0.000000000000000000e+00,4.029378810330473470e+01
1.000000000000000056e-01,5.000000000000000000e-01,1.000000000000000000e+00,1.000000000000000000e+00,2.571492275904131830e+01,1.313764882672651879e+02,1.185404094614873394e+01,0.000000000000000000e+00,4.047030934263393220e+01,1.157873085630467216e+02,0.000000000000000000e+00,3.980061427121741247e+01
1.000000000000000056e-01,6.000000000000000888e-01,6.000000000000000888e-01,1.000000000000000000e+00,2.420568589695495731e+01,1.419125608105625247e+02,0.000000000000000000e+00,0.000000000000000000e+00,0.000000000000000000e+00,0.000000000000000000e+00,0.000000000000000000e+00,0.000000000000000000e+00
1.000000000000000056e-01,6.000000000000000888e-01,7.000000000000000666e-01,1.000000000000000000e+00,2.493943162442916162e+01,1.498040651354647252e+02,0.000000000000000000e+00,0.000000000000000000e+00,0.000000000000000000e+00,0.000000000000000000e+00,0.000000000000000000e+00,0.000000000000000000e+00
1.000000000000000056e-01,6.000000000000000888e-01,8.000000000000000444e-01,1.000000000000000000e+00,2.499294301140567498e+01,1.531485441368300542e+02,1.182868387787534559e+01,0.000000000000000000e+00,3.959548257881623812e+01,9.088534488790403998e+01,0.000000000000000000e+00,4.034165382330223792e+01
1.000000000000000056e-01,6.000000000000000888e-01,9.000000000000000222e-01,1.000000000000000000e+00,2.571485540734976993e+01,1.556483037707107826e+02,1.185400989842921149e+01,0.000000000000000000e+00,4.047020334411247688e+01,1.032973813555733216e+02,0.000000000000000000e+00,3.985320941774364201e+01
1.000000000000000056e-01,6.000000000000000888e-01,1.000000000000000000e+00,1.000000000000000000e+00,2.609880155430234439e+01,1.571884312717631929e+02,1.187936657167735888e+01,0.000000000000000000e+00,4.040221913341205351e+01,1.157884227425071231e+02,0.000000000000000000e+00,4.029484338713627523e+01
1.000000000000000056e-01,7.000000000000000666e-01,7.000000000000000666e-01,1.000000000000000000e+00,2.465341133674549923e+01,1.676974976025206843e+02,0.000000000000000000e+00,0.000000000000000000e+00,0.000000000000000000e+00,0.000000000000000000e+00,0.000000000000000000e+00,0.000000000000000000e+00
1.000000000000000056e-01,7.000000000000000666e-01,8.000000000000000444e-01,1.000000000000000000e+00,2.504645475448190695e+01,1.758608361870265924e+02,0.000000000000000000e+00,0.000000000000000000e+00,0.000000000000000000e+00,0.000000000000000000e+00,0.000000000000000000e+00,0.000000000000000000e+00
1.000000000000000056e-01,7.000000000000000666e-01,9.000000000000000222e-01,1.000000000000000000e+00,2.543688847120716190e+01,1.802481536785423941e+02,1.187933598717009964e+01,0.000000000000000000e+00,4.055666792192513981e+01,1.033697966591433470e+02,0.000000000000000000e+00,4.032665732265120795e+01
1.000000000000000056e-01,7.000000000000000666e-01,1.000000000000000000e+00,1.000000000000000000e+00,2.582480131657040090e+01,1.825006992759415994e+02,1.190469266041824525e+01,0.000000000000000000e+00,4.064323691682859874e+01,1.158262832026636175e+02,0.000000000000000000e+00,4.031090432299794912e+01
1.000000000000000056e-01,8.000000000000000444e-01,8.000000000000000444e-01,1.000000000000000000e+00,2.475898019391716076e+01,1.935767216965370494e+02,0.000000000000000000e+00,0.000000000000000000e+00,0.000000000000000000e+00,0.000000000000000000e+00,0.000000000000000000e+00,0.000000000000000000e+00
1.000000000000000056e-01,8.000000000000000444e-01,9.000000000000000222e-01,1.000000000000000000e+00,2.515347774046161788e+01,2.024543719526352561e+02,0.000000000000000000e+00,0.000000000000000000e+00,0.000000000000000000e+00,0.000000000000000000e+00,0.000000000000000000e+00,0.000000000000000000e+00
1.000000000000000056e-01,8.000000000000000444e-01,1.000000000000000000e+00,1.000000000000000000e+00,2.587974073215443127e+01,2.068367125289160526e+02,1.193001858062392095e+01,0.000000000000000000e+00,4.118432662744653072e+01,1.157867214085792824e+02,0.000000000000000000e+00,3.981158957893776318e+01
1.000000000000000056e-01,9.000000000000000222e-01,9.000000000000000222e-01,1.000000000000000000e+00,2.486454946938136956e+01,2.197824852954878168e+02,0.000000000000000000e+00,0.000000000000000000e+00,0.000000000000000000e+00,0.000000000000000000e+00,0.000000000000000000e+00,0.000000000000000000e+00
1.000000000000000056e-01,9.000000000000000222e-01,1.000000000000000000e+00,1.000000000000000000e+00,2.526056570484855257e+01,2.290724707143436945e+02,0.000000000000000000e+00,0.000000000000000000e+00,0.000000000000000000e+00,0.000000000000000000e+00,0.000000000000000000e+00,0.000000000000000000e+00
1.000000000000000056e-01,1.000000000000000000e+00,1.000000000000000000e+00,1.000000000000000000e+00,2.497024651788909466e+01,2.462673186471488123e+02,0.000000000000000000e+00,0.000000000000000000e+00,0.000000000000000000e+00,0.000000000000000000e+00,0.000000000000000000e+00,0.000000000000000000e+00
2.000000000000000111e-01,2.000000000000000111e-01,2.000000000000000111e-01,2.000000000000000000e+00,3.394077265068163030e+01,6.583537153079078053e+01,0.000000000000000000e+00,0.000000000000000000e+00,0.000000000000000000e+00,0.000000000000000000e+00,0.000000000000000000e+00,0.000000000000000000e+00
2.000000000000000111e-01,2.000000000000000111e-01,3.000000000000000444e-01,2.000000000000000000e+00,3.525360513907268256e+01,7.006872209043076793e+01,0.000000000000000000e+00,0.000000000000000000e+00,0.000000000000000000e+00,0.000000000000000000e+00,0.000000000000000000e+00,0.000000000000000000e+00
2.000000000000000111e-01,2.000000000000000111e-01,4.000000000000000222e-01,2.000000000000000000e+00,3.591873257586571100e+01,7.137951053417050673e+01,0.000000000000000000e+00,0.000000000000000000e+00,0.000000000000000000e+00,0.000000000000000000e+00,0.000000000000000000e+00,0.000000000000000000e+00
2.000000000000000111e-01,2.000000000000000111e-01,5.000000000000000000e-01,2.000000000000000000e+00,3.618906743880324939e+01,7.215987382530607874e+01,0.000000000000000000e+00,0.000000000000000000e+00,0.000000000000000000e+00,0.000000000000000000e+00,0.000000000000000000e+00,0.000000000000000000e+00
2.000000000000000111e-01,2.000000000000000111e-01,6.000000000000000888e-01,2.000000000000000000e+00,3.664550688314109550e+01,7.272675184451023256e+01,0.000000000000000000e+00,0.000000000000000000e+00,0.000000000000000000e+00,0.000000000000000000e+00,0.000000000000000000e+00,0.000000000000000000e+00
2.000000000000000111e-01,2.000000000000000111e-01,7.000000000000000666e-01,0.000000000000000000e+00,1.164317681150514616e+01,7.865405578841122747e+01,0.000000000000000000e+00,0.000000000000000000e+00,0.000000000000000000e+00,0.000000000000000000e+00,0.000000000000000000e+00,0.000000000000000000e+00
2.000000000000000111e-01,2.000000000000000111e-01,8.000000000000000444e-01,0.000000000000000000e+00,1.166850276994833280e+01,9.090711084325613456e+01,0.000000000000000000e+00,0.000000000000000000e+00,0.000000000000000000e+00,0.000000000000000000e+00,0.000000000000000000e+00,0.000000000000000000e+00
2.000000000000000111e-01,2.000000000000000111e-01,9.000000000000000222e-01,0.000000000000000000e+00,1.169382880663787105e+01,1.032983348185726697e+02,0.000000000000000000e+00,0.000000000000000000e+00,0.000000000000000000e+00,0.000000000000000000e+00,0.000000000000000000e+00,0.000000000000000000e+00
2.000000000000000111e-01,2.000000000000000111e-01,1.000000000000000000e+00,0.000000000000000000e+00,1.171918208658201976e+01,1.156233829824255395e+02,0.000000000000000000e+00,0.000000000000000000e+00,0.000000000000000000e+00,0.000000000000000000e+00,0.000000000000000000e+00,0.000000000000000000e+00
2.000000000000000111e-01,3.000000000000000444e-01,3.000000000000000444e-01,2.000000000000000000e+00,3.685257040594153466e+01,7.531451236010084926e+01,0.000000000000000000e+00,0.000000000000000000e+00,0.000000000000000000e+00,0.000000000000000000e+00,0.000000000000000000e+00,0.000000000000000000e+00
2.000000000000000111e-01,3.000000000000000444e-01,4.000000000000000222e-01,2.000000000000000000e+00,3.729218154536772545e+01,7.671420563990879771e+01,1.110415955831100909e+01,2.382444109349688333e+01,0.000000000000000000e+00,4.273668043517800186e+01,7.246501108440017447e+01,0.000000000000000000e+00
2.000000000000000111e-01,3.000000000000000444e-01,5.000000000000000000e-01,2.000000000000000000e+00,3.789729809710000552e+01,7.757101591653830042e+01,1.112841889350884372e+01,2.454747337385753525e+01,0.000000000000000000e+00,5.443530083329779501e+01,7.446015593249128983e+01,0.000000000000000000e+00
2.000000000000000111e-01,3.000000000000000444e-01,6.000000000000000888e-01,2.000000000000000000e+00,3.831942643345362143e+01,7.812219354651134040e+01,1.164317735450683067e+01,2.493120862453423214e+01,0.000000000000000000e+00,6.639455816572090896e+01,7.565364089068120279e+01,0.000000000000000000e+00
2.000000000000000111e-01,3.000000000000000444e-01,7.000000000000000666e-01,0.000000000000000000e+00,1.166850346307151831e+01,7.867051243074381262e+01,0.000000000000000000e+00,2.531243705244456166e+01,3.806252394524670990e+01,0.000000000000000000e+00,7.649117326603087008e+01,7.858315246197555837e+01
2.000000000000000111e-01,3.000000000000000444e-01,8.000000000000000444e-01,0.000000000000000000e+00,1.169382942151470672e+01,9.104700989425774083e+01,0.000000000000000000e+00,2.536737655097707389e+01,3.865358455464006227e+01,0.000000000000000000e+00,7.721680283541530798e+01,7.897033425841655685e+01
2.000000000000000111e-01,3.000000000000000444e-01,9.000000000000000222e-01,0.000000000000000000e+00,1.171915545820424143e+01,1.032867798944529483e+02,0.000000000000000000e+00,2.542231621924906548e+01,3.890311625282072328e+01,0.000000000000000000e+00,7.774708702614525180e+01,7.927531741972217105e+01
2.000000000000000111e-01,3.000000000000000444e-01,1.000000000000000000e+00,0.000000000000000000e+00,1.174450873814839191e+01,1.156432649024054626e+02,0.000000000000000000e+00,2.580252078764033286e+01,3.898727945046540810e+01,0.000000000000000000e+00,7.822855145052938042e+01,7.955024478344475369e+01
2.000000000000000111e-01,4.000000000000000222e-01,4.000000000000000222e-01,1.000000000000000000e+00,2.318922346974192195e+01,9.124838487366956485e+01,0.000000000000000000e+00,0.000000000000000000e+00,0.000000000000000000e+00,0.000000000000000000e+00,0.000000000000000000e+00,0.000000000000000000e+00
2.000000000000000111e-01,4.000000000000000222e-01,5.000000000000000000e-01,1.000000000000000000e+00,2.392853966379507469e+01,9.764844429093929534e+01,1.115267809983090608e+01,0.000000000000000000e+00,3.865089920650547128e+01,5.446445252288229710e+01,0.000000000000000000e+00,7.893956303079454528e+01
2.000000000000000111e-01,4.000000000000000222e-01,6.000000000000000888e-01,1.000000000000000000e+00,2.498543876974798650e+01,1.005342028491930364e+02,1.166850349124546504e+01,0.000000000000000000e+00,3.856987049042719207e+01,6.635324741758236655e+01,0.000000000000000000e+00,7.955806607658630014e+01
2.000000000000000111e-01,4.000000000000000222e-01,7.000000000000000666e-01,1.000000000000000000e+00,2.503966885463366054e+01,1.021158384047757437e+02,1.169382959981015269e+01,0.000000000000000000e+00,3.914406970203824443e+01,7.862028147242131126e+01,0.000000000000000000e+00,7.999298908055115476e+01
2.000000000000000111e-01,4.000000000000000222e-01,8.000000000000000444e-01,1.000000000000000000e+00,2.542231643628517190e+01,1.033077624752294525e+02,1.171915555825334110e+01,0.000000000000000000e+00,3.938880521138586488e+01,9.092387358839899036e+01,0.000000000000000000e+00,8.032680513782379705e+01
2.000000000000000111e-01,4.000000000000000222e-01,9.000000000000000222e-01,1.000000000000000000e+00,2.580246115439894439e+01,1.041517637984749882e+02,1.174448159494287580e+01,0.000000000000000000e+00,3.947392758398189727e+01,1.032988372193985924e+02,0.000000000000000000e+00,8.071254624158719082e+01
2.000000000000000111e-01,4.000000000000000222e-01,1.000000000000000000e+00,0.000000000000000000e+00,1.176983487488702806e+01,1.157993371823342557e+02,0.000000000000000000e+00,2.585816195443912946e+01,3.971787772797330973e+01,0.000000000000000000e+00,1.049351998949283598e+02,8.073772900330725122e+01
2.000000000000000111e-01,5.000000000000000000e-01,5.000000000000000000e-01,1.000000000000000000e+00,2.398058908719836069e+01,1.164836327604209032e+02,0.000000000000000000e+00,0.000000000000000000e+00,0.000000000000000000e+00,0.000000000000000000e+00,0.000000000000000000e+00,0.000000000000000000e+00
2.000000000000000111e-01,5.000000000000000000e-01,6.000000000000000888e-01,1.000000000000000000e+00,2.470800841897508704e+01,1.237624814586817905e+02,0.000000000000000000e+00,0.000000000000000000e+00,0.000000000000000000e+00,0.000000000000000000e+00,0.000000000000000000e+00,0.000000000000000000e+00
2.000000000000000111e-01,5.000000000000000000e-01,7.000000000000000666e-01,1.000000000000000000e+00,2.542231711492603807e+01,1.264249615760947307e+02,1.171915587109257118e+01,0.000000000000000000e+00,3.954685897558804442e+01,7.867324404121337977e+01,0.000000000000000000e+00,8.075307366278008203e+01
2.000000000000000111e-01,5.000000000000000000e-01,8.000000000000000444e-01,1.000000000000000000e+00,2.547725661345855031e+01,1.288885417877351642e+02,1.174448182953575959e+01,0.000000000000000000e+00,3.978882919961617404e+01,9.103233157502552331e+01,0.000000000000000000e+00,8.116277050179394337e+01
2.000000000000000111e-01,5.000000000000000000e-01,9.000000000000000222e-01,1.000000000000000000e+00,2.553219628173054545e+01,1.302743412747319667e+02,1.176980786622529429e+01,0.000000000000000000e+00,3.971778658593642319e+01,1.033478212391668762e+02,0.000000000000000000e+00,8.128833280495777558e+01
2.000000000000000111e-01,5.000000000000000000e-01,1.000000000000000000e+00,1.000000000000000000e+00,2.591380341682873123e+01,1.314197774004791484e+02,1.179516114616944478e+01,0.000000000000000000e+00,4.026929065794915630e+01,1.157178666164841587e+02,0.000000000000000000e+00,8.162176828615439206e+01
2.000000000000000111e-01,6.000000000000000888e-01,6.000000000000000888e-01,1.000000000000000000e+00,2.442513138024367692e+01,1.419536275745641944e+02,0.000000000000000000e+00,0.000000000000000000e+00,0.000000000000000000e+00,0.000000000000000000e+00,0.000000000000000000e+00,0.000000000000000000e+00
2.000000000000000111e-01,6.000000000000000888e-01,7.000000000000000666e-01,1.000000000000000000e+00,2.514812865014998167e+01,1.495835439340550579e+02,0.000000000000000000e+00,0.000000000000000000e+00,0.000000000000000000e+00,0.000000000000000000e+00,0.000000000000000000e+00,0.000000000000000000e+00
2.000000000000000111e-01,6.000000000000000888e-01,8.000000000000000444e-01,1.000000000000000000e+00,2.520235841358470097e+01,1.533907134517665440e+02,1.176980760060107478e+01,0.000000000000000000e+00,3.971778568957462596e+01,9.091836309765619717e+01,0.000000000000000000e+00,8.156304846053043889e+01
2.000000000000000111e-01,6.000000000000000888e-01,9.000000000000000222e-01,1.000000000000000000e+00,2.591374298020819467e+01,1.555323674968600756e+02,1.179513363729060949e+01,0.000000000000000000e+00,4.042082517031595046e+01,1.033227975730914920e+02,0.000000000000000000e+00,8.193694088302950718e+01
2.000000000000000111e-01,6.000000000000000888e-01,1.000000000000000000e+00,1.000000000000000000e+00,2.596944378024837974e+01,1.574715421144289280e+02,1.182048691723475997e+01,0.000000000000000000e+00,3.956804397147881502e+01,1.158152006622565580e+02,0.000000000000000000e+00,8.209214987885759740e+01
2.000000000000000111e-01,7.000000000000000666e-01,7.000000000000000666e-01,1.000000000000000000e+00,2.486854306075573362e+01,1.675401810456108649e+02,0.000000000000000000e+00,0.000000000000000000e+00,0.000000000000000000e+00,0.000000000000000000e+00,0.000000000000000000e+00,0.000000000000000000e+00
2.000000000000000111e-01,7.000000000000000666e-01,8.000000000000000444e-01,1.000000000000000000e+00,2.492205452852466863e+01,1.761290511951104349e+02,0.000000000000000000e+00,0.000000000000000000e+00,0.000000000000000000e+00,0.000000000000000000e+00,0.000000000000000000e+00,0.000000000000000000e+00
2.000000000000000111e-01,7.000000000000000666e-01,9.000000000000000222e-01,1.000000000000000000e+00,2.564207519797547263e+01,1.800029574040220837e+02,1.182045974585529891e+01,0.000000000000000000e+00,3.956795301766744899e+01,1.033466931349440898e+02,0.000000000000000000e+00,8.228322655361297677e+01
2.000000000000000111e-01,7.000000000000000666e-01,1.000000000000000000e+00,1.000000000000000000e+00,2.569707396492877649e+01,1.827813272306882766e+02,1.184581302579944939e+01,0.000000000000000000e+00,4.059449871786931396e+01,1.157729618111026184e+02,0.000000000000000000e+00,8.280005559527360504e+01
2.000000000000000111e-01,8.000000000000000444e-01,8.000000000000000444e-01,1.000000000000000000e+00,2.463627003913456548e+01,1.937053141455955370e+02,0.000000000000000000e+00,0.000000000000000000e+00,0.000000000000000000e+00,0.000000000000000000e+00,0.000000000000000000e+00,0.000000000000000000e+00
2.000000000000000111e-01,8.000000000000000444e-01,9.000000000000000222e-01,1.000000000000000000e+00,2.536504819288652612e+01,2.024816744097368826e+02,0.000000000000000000e+00,0.000000000000000000e+00,0.000000000000000000e+00,0.000000000000000000e+00,0.000000000000000000e+00,0.000000000000000000e+00
2.000000000000000111e-01,8.000000000000000444e-01,1.000000000000000000e+00,1.000000000000000000e+00,2.541933645908382289e+01,2.070269784680277212e+02,1.187113898424263780e+01,0.000000000000000000e+00,4.052868292966267916e+01,1.158487701917626822e+02,0.000000000000000000e+00,8.328220569006562357e+01
2.000000000000000111e-01,9.000000000000000222e-01,9.000000000000000222e-01,1.000000000000000000e+00,2.508258926248642950e+01,2.198905105395171802e+02,0.000000000000000000e+00,0.000000000000000000e+00,0.000000000000000000e+00,0.000000000000000000e+00,0.000000000000000000e+00,0.000000000000000000e+00
2.000000000000000111e-01,9.000000000000000222e-01,1.000000000000000000e+00,1.000000000000000000e+00,2.547356639006525469e+01,2.290000462038672140e+02,0.000000000000000000e+00,0.000000000000000000e+00,0.000000000000000000e+00,0.000000000000000000e+00,0.000000000000000000e+00,0.000000000000000000e+00
2.000000000000000111e-01,1.000000000000000000e+00,1.000000000000000000e+00,1.000000000000000000e+00,2.518972765376283363e+01,2.462874011802580867e+02,0.000000000000000000e+00,0.000000000000000000e+00,0.000000000000000000e+00,0.000000000000000000e+00,0.000000000000000000e+00,0.000000000000000000e+00
3.000000000000000444e-01,3.000000000000000444e-01,3.000000000000000444e-01,2.000000000000000000e+00,3.515112795423316072e+01,1.025178108231938552e+02,0.000000000000000000e+00,0.000000000000000000e+00,0.000000000000000000e+00,0.000000000000000000e+00,0.000000000000000000e+00,0.000000000000000000e+00
3.000000000000000444e-01,3.000000000000000444e-01,4.000000000000000222e-01,2.000000000000000000e+00,3.600526893630913605e+01,1.078730209162134770e+02,0.000000000000000000e+00,0.000000000000000000e+00,0.000000000000000000e+00,0.000000000000000000e+00,0.000000000000000000e+00,0.000000000000000000e+00
3.000000000000000444e-01,3.000000000000000444e-01,5.000000000000000000e-01,2.000000000000000000e+00,3.664418127704313122e+01,1.097723105075282319e+02,0.000000000000000000e+00,0.000000000000000000e+00,0.000000000000000000e+00,0.000000000000000000e+00,0.000000000000000000e+00,0.000000000000000000e+00
3.000000000000000444e-01,3.000000000000000444e-01,6.000000000000000888e-01,2.000000000000000000e+00,3.690705468785277077e+01,1.109467313332322789e+02,0.000000000000000000e+00,0.000000000000000000e+00,0.000000000000000000e+00,0.000000000000000000e+00,0.000000000000000000e+00,0.000000000000000000e+00
3.000000000000000444e-01,3.000000000000000444e-01,7.000000000000000666e-01,2.000000000000000000e+00,3.716854633358333615e+01,1.117969626859586469e+02,0.000000000000000000e+00,0.000000000000000000e+00,0.000000000000000000e+00,0.000000000000000000e+00,0.000000000000000000e+00,0.000000000000000000e+00
3.000000000000000444e-01,3.000000000000000444e-01,8.000000000000000444e-01,2.000000000000000000e+00,3.760557180136615330e+01,1.124459813978508294e+02,0.000000000000000000e+00,0.000000000000000000e+00,0.000000000000000000e+00,0.000000000000000000e+00,0.000000000000000000e+00,0.000000000000000000e+00
3.000000000000000444e-01,3.000000000000000444e-01,9.000000000000000222e-01,2.000000000000000000e+00,3.768742866168140182e+01,1.130176765922742845e+02,0.000000000000000000e+00,0.000000000000000000e+00,0.000000000000000000e+00,0.000000000000000000e+00,0.000000000000000000e+00,0.000000000000000000e+00
3.000000000000000444e-01,3.000000000000000444e-01,1.000000000000000000e+00,0.000000000000000000e+00,1.168562863977203214e+01,1.155754036558423934e+02,0.000000000000000000e+00,0.000000000000000000e+00,0.000000000000000000e+00,0.000000000000000000e+00,0.000000000000000000e+00,0.000000000000000000e+00
3.000000000000000444e-01,4.000000000000000222e-01,4.000000000000000222e-01,2.000000000000000000e+00,3.736000186270025836e+01,1.145693645088923205e+02,0.000000000000000000e+00,0.000000000000000000e+00,0.000000000000000000e+00,0.000000000000000000e+00,0.000000000000000000e+00,0.000000000000000000e+00
3.000000000000000444e-01,4.000000000000000222e-01,5.000000000000000000e-01,2.000000000000000000e+00,3.795776871153796606e+01,1.166157829949584226e+02,1.109628176759654750e+01,2.414406689557648278e+01,0.000000000000000000e+00,5.446285699985223516e+01,9.798403425407113332e+01,0.000000000000000000e+00
3.000000000000000444e-01,4.000000000000000222e-01,6.000000000000000888e-01,2.000000000000000000e+00,3.837525600327880682e+01,1.178632472290978512e+02,1.160962696939399663e+01,2.485936812728734324e+01,0.000000000000000000e+00,6.644647877708234773e+01,1.005747316195807315e+02,0.000000000000000000e+00
3.000000000000000444e-01,4.000000000000000222e-01,7.000000000000000666e-01,2.000000000000000000e+00,3.862359660416241525e+01,1.187197777316791161e+02,1.163495309778248732e+01,2.523965638162822245e+01,0.000000000000000000e+00,7.866613273887493563e+01,1.021463644383664757e+02,0.000000000000000000e+00
3.000000000000000444e-01,4.000000000000000222e-01,8.000000000000000444e-01,2.000000000000000000e+00,3.870766923180197949e+01,1.194481936082417803e+02,1.166027909446318667e+01,2.529459596310920944e+01,0.000000000000000000e+00,9.095262777678689758e+01,1.032602467589647972e+02,0.000000000000000000e+00
3.000000000000000444e-01,4.000000000000000222e-01,9.000000000000000222e-01,2.000000000000000000e+00,3.911653906803806535e+01,1.199561684147455480e+02,1.168560514728839372e+01,2.567311042561344081e+01,0.000000000000000000e+00,1.033299355861623923e+02,1.041886364593234475e+02,0.000000000000000000e+00
3.000000000000000444e-01,4.000000000000000222e-01,1.000000000000000000e+00,2.000000000000000000e+00,3.887589397899240851e+01,1.204571979279598253e+02,1.171095503392854553e+01,2.572880377061238732e+01,0.000000000000000000e+00,1.156365985173553810e+02,1.049205818490114268e+02,0.000000000000000000e+00
3.000000000000000444e-01,5.000000000000000000e-01,5.000000000000000000e-01,2.000000000000000000e+00,3.853952485268069950e+01,1.186877625829307590e+02,0.000000000000000000e+00,0.000000000000000000e+00,0.000000000000000000e+00,0.000000000000000000e+00,0.000000000000000000e+00,0.000000000000000000e+00
3.000000000000000444e-01,5.000000000000000000e-01,6.000000000000000888e-01,1.000000000000000000e+00,2.491359864830399928e+01,1.235369957174427213e+02,0.000000000000000000e+00,0.000000000000000000e+00,0.000000000000000000e+00,0.000000000000000000e+00,0.000000000000000000e+00,0.000000000000000000e+00
3.000000000000000444e-01,5.000000000000000000e-01,7.000000000000000666e-01,1.000000000000000000e+00,2.496782877563782321e+01,1.269326084570394357e+02,1.166027941002564461e+01,0.000000000000000000e+00,3.919091884298586592e+01,7.866101927011536077e+01,0.000000000000000000e+00,1.208583182339145452e+02
3.000000000000000444e-01,5.000000000000000000e-01,8.000000000000000444e-01,1.000000000000000000e+00,2.534953622913855398e+01,1.288936873662127596e+02,1.168560540670634396e+01,0.000000000000000000e+00,3.958936327461022131e+01,9.094953918125608539e+01,0.000000000000000000e+00,1.214352476707039727e+02
3.000000000000000444e-01,5.000000000000000000e-01,9.000000000000000222e-01,1.000000000000000000e+00,2.572875197799320901e+01,1.303041327398953513e+02,1.171093145953155101e+01,0.000000000000000000e+00,3.951910530051635106e+01,1.032660085487380002e+02,0.000000000000000000e+00,1.220542857112494914e+02
3.000000000000000444e-01,5.000000000000000000e-01,1.000000000000000000e+00,1.000000000000000000e+00,2.578444532299215552e+01,1.314151644097786971e+02,1.173628134617170282e+01,0.000000000000000000e+00,3.944636604169097893e+01,1.156463207606874022e+02,0.000000000000000000e+00,1.225017885550524284e+02
3.000000000000000444e-01,6.000000000000000888e-01,6.000000000000000888e-01,1.000000000000000000e+00,2.396368585892145830e+01,1.418106398145779679e+02,0.000000000000000000e+00,0.000000000000000000e+00,0.000000000000000000e+00,0.000000000000000000e+00,0.000000000000000000e+00,0.000000000000000000e+00
3.000000000000000444e-01,6.000000000000000888e-01,7.000000000000000666e-01,1.000000000000000000e+00,2.469063092711904872e+01,1.498513955569225402e+02,0.000000000000000000e+00,0.000000000000000000e+00,0.000000000000000000e+00,0.000000000000000000e+00,0.000000000000000000e+00,0.000000000000000000e+00
3.000000000000000444e-01,6.000000000000000888e-01,8.000000000000000444e-01,1.000000000000000000e+00,2.540447563690516830e+01,1.532696249630091927e+02,1.171093132330835296e+01,0.000000000000000000e+00,3.967516429883819740e+01,9.100939966919614221e+01,0.000000000000000000e+00,1.227629202429932604e+02
3.000000000000000444e-01,6.000000000000000888e-01,9.000000000000000222e-01,1.000000000000000000e+00,2.545941534018021102e+01,1.557848699417909017e+02,1.173625737613356002e+01,0.000000000000000000e+00,3.976096578457326558e+01,1.033875928967604381e+02,0.000000000000000000e+00,1.232729542612437399e+02
3.000000000000000444e-01,6.000000000000000888e-01,1.000000000000000000e+00,1.000000000000000000e+00,2.584008600615387508e+01,1.575179716581367586e+02,1.176160726277371182e+01,0.000000000000000000e+00,4.015473596332299877e+01,1.157477788771973053e+02,0.000000000000000000e+00,1.238137166339537316e+02
3.000000000000000444e-01,7.000000000000000666e-01,7.000000000000000666e-01,1.000000000000000000e+00,2.440799070836248319e+01,1.677039471539106614e+02,0.000000000000000000e+00,0.000000000000000000e+00,0.000000000000000000e+00,0.000000000000000000e+00,0.000000000000000000e+00,0.000000000000000000e+00
3.000000000000000444e-01,7.000000000000000666e-01,8.000000000000000444e-01,1.000000000000000000e+00,2.513051842212465559e+01,1.760984222010028475e+02,0.000000000000000000e+00,0.000000000000000000e+00,0.000000000000000000e+00,0.000000000000000000e+00,0.000000000000000000e+00,0.000000000000000000e+00
3.000000000000000444e-01,7.000000000000000666e-01,9.000000000000000222e-01,1.000000000000000000e+00,2.518474838765694201e+01,1.799691382405468971e+02,1.176158350452205070e+01,0.000000000000000000e+00,4.030585198791880686e+01,1.033072947278081415e+02,0.000000000000000000e+00,1.242408200701146370e+02
3.000000000000000444e-01,7.000000000000000666e-01,1.000000000000000000e+00,1.000000000000000000e+00,2.589572715460752050e+01,1.828646648064046190e+02,1.178693339116220073e+01,0.000000000000000000e+00,4.039272369005276175e+01,1.157255935479664402e+02,0.000000000000000000e+00,1.247140746759913696e+02
3.000000000000000444e-01,8.000000000000000444e-01,8.000000000000000444e-01,1.000000000000000000e+00,2.485116585108979237e+01,1.937341544544784142e+02,0.000000000000000000e+00,0.000000000000000000e+00,0.000000000000000000e+00,0.000000000000000000e+00,0.000000000000000000e+00,0.000000000000000000e+00
3.000000000000000444e-01,8.000000000000000444e-01,9.000000000000000222e-01,1.000000000000000000e+00,2.490467751827942777e+01,2.024177148256872840e+02,0.000000000000000000e+00,0.000000000000000000e+00,0.000000000000000000e+00,0.000000000000000000e+00,0.000000000000000000e+00,0.000000000000000000e+00
3.000000000000000444e-01,8.000000000000000444e-01,1.000000000000000000e+00,1.000000000000000000e+00,2.562428619472812130e+01,2.070214338607807179e+02,1.181225938784290186e+01,0.000000000000000000e+00,4.077780311483819986e+01,1.157914666719775028e+02,0.000000000000000000e+00,1.253767644698819623e+02
3.000000000000000444e-01,9.000000000000000222e-01,9.000000000000000222e-01,1.000000000000000000e+00,2.495818918546905962e+01,2.198027939821368193e+02,0.000000000000000000e+00,0.000000000000000000e+00,0.000000000000000000e+00,0.000000000000000000e+00,0.000000000000000000e+00,0.000000000000000000e+00
3.000000000000000444e-01,9.000000000000000222e-01,1.000000000000000000e+00,1.000000000000000000e+00,2.534748919871162443e+01,2.292085175792140035e+02,0.000000000000000000e+00,0.000000000000000000e+00,0.000000000000000000e+00,0.000000000000000000e+00,0.000000000000000000e+00,0.000000000000000000e+00
3.000000000000000444e-01,1.000000000000000000e+00,1.000000000000000000e+00,1.000000000000000000e+00,2.506531323725438654e+01,2.463028789482586660e+02,0.000000000000000000e+00,0.000000000000000000e+00,0.000000000000000000e+00,0.000000000000000000e+00,0.000000000000000000e+00,0.000000000000000000e+00
4.000000000000000222e-01,4.000000000000000222e-01,4.000000000000000222e-01,2.000000000000000000e+00,3.590053294559858443e+01,1.401713822881644660e+02,0.000000000000000000e+00,0.000000000000000000e+00,0.000000000000000000e+00,0.000000000000000000e+00,0.000000000000000000e+00,0.000000000000000000e+00
4.000000000000000222e-01,4.000000000000000222e-01,5.000000000000000000e-01,2.000000000000000000e+00,3.671947782513419867e+01,1.464134370220266419e+02,0.000000000000000000e+00,0.000000000000000000e+00,0.000000000000000000e+00,0.000000000000000000e+00,0.000000000000000000e+00,0.000000000000000000e+00
4.000000000000000222e-01,4.000000000000000222e-01,6.000000000000000888e-01,2.000000000000000000e+00,3.715779530992200819e+01,1.488584779971221224e+02,0.000000000000000000e+00,0.000000000000000000e+00,0.000000000000000000e+00,0.000000000000000000e+00,0.000000000000000000e+00,0.000000000000000000e+00
4.000000000000000222e-01,4.000000000000000222e-01,7.000000000000000666e-01,2.000000000000000000e+00,3.758918917805737436e+01,1.503911106995155080e+02,0.000000000000000000e+00,0.000000000000000000e+00,0.000000000000000000e+00,0.000000000000000000e+00,0.000000000000000000e+00,0.000000000000000000e+00
4.000000000000000222e-01,4.000000000000000222e-01,8.000000000000000444e-01,2.000000000000000000e+00,3.784364180250178578e+01,1.515164982497709900e+02,0.000000000000000000e+00,0.000000000000000000e+00,0.000000000000000000e+00,0.000000000000000000e+00,0.000000000000000000e+00,0.000000000000000000e+00
4.000000000000000222e-01,4.000000000000000222e-01,9.000000000000000222e-01,2.000000000000000000e+00,3.792625514784749896e+01,1.523763149760004580e+02,0.000000000000000000e+00,0.000000000000000000e+00,0.000000000000000000e+00,0.000000000000000000e+00,0.000000000000000000e+00,0.000000000000000000e+00
4.000000000000000222e-01,4.000000000000000222e-01,1.000000000000000000e+00,2.000000000000000000e+00,3.817984124962815429e+01,1.531069315096857224e+02,0.000000000000000000e+00,0.000000000000000000e+00,0.000000000000000000e+00,0.000000000000000000e+00,0.000000000000000000e+00,0.000000000000000000e+00
4.000000000000000222e-01,5.000000000000000000e-01,5.000000000000000000e-01,2.000000000000000000e+00,3.767841591379125532e+01,1.542444734279509078e+02,0.000000000000000000e+00,0.000000000000000000e+00,0.000000000000000000e+00,0.000000000000000000e+00,0.000000000000000000e+00,0.000000000000000000e+00
4.000000000000000222e-01,5.000000000000000000e-01,6.000000000000000888e-01,2.000000000000000000e+00,3.826435697827876936e+01,1.569223265393549980e+02,1.157607680072776368e+01,2.445920702280291792e+01,0.000000000000000000e+00,6.652757706616132793e+01,1.238285227876058485e+02,0.000000000000000000e+00
4.000000000000000222e-01,5.000000000000000000e-01,7.000000000000000666e-01,2.000000000000000000e+00,3.867441777202446218e+01,1.585568172488869152e+02,1.160140294894005386e+01,2.516687618034860563e+01,0.000000000000000000e+00,7.868597186628987572e+01,1.269354285713326931e+02,0.000000000000000000e+00
4.000000000000000222e-01,5.000000000000000000e-01,8.000000000000000444e-01,2.000000000000000000e+00,3.875884460033537238e+01,1.596970958460851762e+02,1.162672898385826770e+01,2.554376032126485896e+01,0.000000000000000000e+00,9.092151522155660359e+01,1.288568787442635539e+02,0.000000000000000000e+00
4.000000000000000222e-01,5.000000000000000000e-01,9.000000000000000222e-01,2.000000000000000000e+00,3.916327627075568785e+01,1.606584823640060335e+02,1.165205505281914533e+01,2.559940133915687355e+01,0.000000000000000000e+00,1.032202281805480766e+02,1.302988887780026630e+02,0.000000000000000000e+00
4.000000000000000222e-01,5.000000000000000000e-01,1.000000000000000000e+00,2.000000000000000000e+00,3.924846739940371521e+01,1.613667126228462507e+02,1.167740154615529669e+01,2.597458120956814653e+01,0.000000000000000000e+00,1.156005171624690604e+02,1.314012531742528154e+02,0.000000000000000000e+00
4.000000000000000222e-01,6.000000000000000888e-01,6.000000000000000888e-01,2.000000000000000000e+00,3.883467930068380980e+01,1.596142153041493259e+02,0.000000000000000000e+00,0.000000000000000000e+00,0.000000000000000000e+00,0.000000000000000000e+00,0.000000000000000000e+00,0.000000000000000000e+00
4.000000000000000222e-01,6.000000000000000888e-01,7.000000000000000666e-01,2.000000000000000000e+00,3.907815388118342526e+01,1.612481180785443087e+02,0.000000000000000000e+00,0.000000000000000000e+00,0.000000000000000000e+00,0.000000000000000000e+00,0.000000000000000000e+00,0.000000000000000000e+00
4.000000000000000222e-01,6.000000000000000888e-01,8.000000000000000444e-01,2.000000000000000000e+00,3.947569886682906315e+01,1.624042745269389343e+02,1.165205504599697051e+01,2.527675556825684922e+01,0.000000000000000000e+00,9.095186516953111777e+01,1.535418896196183880e+02,0.000000000000000000e+00
4.000000000000000222e-01,6.000000000000000888e-01,9.000000000000000222e-01,2.000000000000000000e+00,3.971525820541101837e+01,1.633288600985605683e+02,1.167738111495784814e+01,2.565504234206067125e+01,0.000000000000000000e+00,1.032587561971336925e+02,1.558263052055600610e+02,0.000000000000000000e+00
4.000000000000000222e-01,6.000000000000000888e-01,1.000000000000000000e+00,2.000000000000000000e+00,3.995371777538131397e+01,1.641201943714910385e+02,1.170272760829399950e+01,2.571072823201837565e+01,0.000000000000000000e+00,1.155924354003019516e+02,1.574675203924861364e+02,0.000000000000000000e+00
4.000000000000000222e-01,7.000000000000000666e-01,7.000000000000000666e-01,1.000000000000000000e+00,2.461974244713901783e+01,1.676674901135182552e+02,0.000000000000000000e+00,0.000000000000000000e+00,0.000000000000000000e+00,0.000000000000000000e+00,0.000000000000000000e+00,0.000000000000000000e+00
4.000000000000000222e-01,7.000000000000000666e-01,8.000000000000000444e-01,1.000000000000000000e+00,2.467325407649278901e+01,1.759029903736424956e+02,0.000000000000000000e+00,0.000000000000000000e+00,0.000000000000000000e+00,0.000000000000000000e+00,0.000000000000000000e+00,0.000000000000000000e+00
4.000000000000000222e-01,7.000000000000000666e-01,9.000000000000000222e-01,1.000000000000000000e+00,2.538663521673278822e+01,1.800758982833035020e+02,1.170270726317013832e+01,0.000000000000000000e+00,4.010408858857528003e+01,1.033295769850766135e+02,0.000000000000000000e+00,1.649694185109285058e+02
4.000000000000000222e-01,7.000000000000000666e-01,1.000000000000000000e+00,1.000000000000000000e+00,2.576636942402463148e+01,1.829283153054801687e+02,1.172805375650628967e+01,0.000000000000000000e+00,4.033991795440008588e+01,1.157167061660447160e+02,0.000000000000000000e+00,1.657504844872843250e+02
4.000000000000000222e-01,8.000000000000000444e-01,8.000000000000000444e-01,1.000000000000000000e+00,2.472676570584656019e+01,1.935888886662951904e+02,0.000000000000000000e+00,0.000000000000000000e+00,0.000000000000000000e+00,0.000000000000000000e+00,0.000000000000000000e+00,0.000000000000000000e+00
4.000000000000000222e-01,8.000000000000000444e-01,9.000000000000000222e-01,1.000000000000000000e+00,2.511290827301066741e+01,2.025744085333937790e+02,0.000000000000000000e+00,0.000000000000000000e+00,0.000000000000000000e+00,0.000000000000000000e+00,0.000000000000000000e+00,0.000000000000000000e+00
4.000000000000000222e-01,8.000000000000000444e-01,1.000000000000000000e+00,1.000000000000000000e+00,2.582201036712539377e+01,2.068680364788060899e+02,1.175337979142450351e+01,0.000000000000000000e+00,4.027773862667506677e+01,1.156827686739659100e+02,0.000000000000000000e+00,1.668783250639003484e+02
4.000000000000000222e-01,9.000000000000000222e-01,9.000000000000000222e-01,1.000000000000000000e+00,2.483378910841226173e+01,2.198934330310990788e+02,0.000000000000000000e+00,0.000000000000000000e+00,0.000000000000000000e+00,0.000000000000000000e+00,0.000000000000000000e+00,0.000000000000000000e+00
4.000000000000000222e-01,9.000000000000000222e-01,1.000000000000000000e+00,1.000000000000000000e+00,2.555149866423255389e+01,2.290933315664030658e+02,0.000000000000000000e+00,0.000000000000000000e+00,0.000000000000000000e+00,0.000000000000000000e+00,0.000000000000000000e+00,0.000000000000000000e+00
4.000000000000000222e-01,1.000000000000000000e+00,1.000000000000000000e+00,1.000000000000000000e+00,2.527568574154225090e+01,2.463467978599653918e+02,0.000000000000000000e+00,0.000000000000000000e+00,0.000000000000000000e+00,0.000000000000000000e+00,0.000000000000000000e+00,0.000000000000000000e+00
5.000000000000000000e-01,5.000000000000000000e-01,5.000000000000000000e-01,2.000000000000000000e+00,3.661258818065413578e+01,1.785424697707130690e+02,0.000000000000000000e+00,0.000000000000000000e+00,0.000000000000000000e+00,0.000000000000000000e+00,0.000000000000000000e+00,0.000000000000000000e+00
5.000000000000000000e-01,5.000000000000000000e-01,6.000000000000000888e-01,2.000000000000000000e+00,3.722498189146246972e+01,1.855021648104577139e+02,0.000000000000000000e+00,0.000000000000000000e+00,0.000000000000000000e+00,0.000000000000000000e+00,0.000000000000000000e+00,0.000000000000000000e+00
5.000000000000000000e-01,5.000000000000000000e-01,7.000000000000000666e-01,2.000000000000000000e+00,3.765158850252765177e+01,1.884614318668627959e+02,0.000000000000000000e+00,0.000000000000000000e+00,0.000000000000000000e+00,0.000000000000000000e+00,0.000000000000000000e+00,0.000000000000000000e+00
5.000000000000000000e-01,5.000000000000000000e-01,8.000000000000000444e-01,2.000000000000000000e+00,3.807152134742360516e+01,1.903304911920264431e+02,0.000000000000000000e+00,0.000000000000000000e+00,0.000000000000000000e+00,0.000000000000000000e+00,0.000000000000000000e+00,0.000000000000000000e+00
5.000000000000000000e-01,5.000000000000000000e-01,9.000000000000000222e-01,2.000000000000000000e+00,3.815487325602688173e+01,1.917095902360460400e+02,0.000000000000000000e+00,0.000000000000000000e+00,0.000000000000000000e+00,0.000000000000000000e+00,0.000000000000000000e+00,0.000000000000000000e+00
5.000000000000000000e-01,5.000000000000000000e-01,1.000000000000000000e+00,2.000000000000000000e+00,3.840465740737679567e+01,1.927883166653025739e+02,0.000000000000000000e+00,0.000000000000000000e+00,0.000000000000000000e+00,0.000000000000000000e+00,0.000000000000000000e+00,0.000000000000000000e+00
5.000000000000000000e-01,6.000000000000000888e-01,6.000000000000000888e-01,2.000000000000000000e+00,3.798816960857818970e+01,1.942327427541627571e+02,0.000000000000000000e+00,2.567457250369223232e+01,0.000000000000000000e+00,0.000000000000000000e+00,1.397701863608174619e+02,0.000000000000000000e+00
5.000000000000000000e-01,6.000000000000000888e-01,7.000000000000000666e-01,2.000000000000000000e+00,3.856257470242479712e+01,1.974991965575273696e+02,0.000000000000000000e+00,0.000000000000000000e+00,0.000000000000000000e+00,0.000000000000000000e+00,0.000000000000000000e+00,0.000000000000000000e+00
5.000000000000000000e-01,6.000000000000000888e-01,8.000000000000000444e-01,2.000000000000000000e+00,3.880714986613523365e+01,1.994948507058216478e+02,1.159317876866674091e+01,2.514903549956764550e+01,0.000000000000000000e+00,9.090749897755003417e+01,1.535020592995768425e+02,0.000000000000000000e+00
5.000000000000000000e-01,6.000000000000000888e-01,9.000000000000000222e-01,2.000000000000000000e+00,3.905051198079934238e+01,2.009622875489018838e+02,1.161850485376328734e+01,2.552569202292499639e+01,0.000000000000000000e+00,1.031605265962644751e+02,1.558242618348207031e+02,0.000000000000000000e+00
5.000000000000000000e-01,6.000000000000000888e-01,1.000000000000000000e+00,2.000000000000000000e+00,3.944789426935324883e+01,2.020987746599578543e+02,1.212852975298221736e+01,2.589994641122032348e+01,0.000000000000000000e+00,1.154764707516331015e+02,1.575073142577490728e+02,0.000000000000000000e+00
5.000000000000000000e-01,7.000000000000000666e-01,7.000000000000000666e-01,2.000000000000000000e+00,3.912174346331329389e+01,2.008104469334853377e+02,0.000000000000000000e+00,0.000000000000000000e+00,0.000000000000000000e+00,0.000000000000000000e+00,0.000000000000000000e+00,0.000000000000000000e+00
5.000000000000000000e-01,7.000000000000000666e-01,8.000000000000000444e-01,2.000000000000000000e+00,3.936203531081113738e+01,2.028195523535097777e+02,0.000000000000000000e+00,0.000000000000000000e+00,0.000000000000000000e+00,0.000000000000000000e+00,0.000000000000000000e+00,0.000000000000000000e+00
5.000000000000000000e-01,7.000000000000000666e-01,9.000000000000000222e-01,2.000000000000000000e+00,3.960115294503740557e+01,2.042691162103858176e+02,1.164383102179937879e+01,2.558133325848386619e+01,0.000000000000000000e+00,1.032260924749854070e+02,1.802329658496484228e+02,0.000000000000000000e+00
5.000000000000000000e-01,7.000000000000000666e-01,1.000000000000000000e+00,2.000000000000000000e+00,3.998917363422715709e+01,2.054418628236300606e+02,1.166917412183153147e+01,2.563701169340033559e+01,0.000000000000000000e+00,1.155544423223418704e+02,1.828887093188384370e+02,0.000000000000000000e+00
5.000000000000000000e-01,8.000000000000000444e-01,8.000000000000000444e-01,2.000000000000000000e+00,3.975264173989777561e+01,2.048367845523994788e+02,0.000000000000000000e+00,0.000000000000000000e+00,0.000000000000000000e+00,0.000000000000000000e+00,0.000000000000000000e+00,0.000000000000000000e+00
5.000000000000000000e-01,8.000000000000000444e-01,9.000000000000000222e-01,2.000000000000000000e+00,4.013733647378189318e+01,2.063131951853358146e+02,0.000000000000000000e+00,0.000000000000000000e+00,0.000000000000000000e+00,0.000000000000000000e+00,0.000000000000000000e+00,0.000000000000000000e+00
5.000000000000000000e-01,8.000000000000000444e-01,1.000000000000000000e+00,2.000000000000000000e+00,4.022450682593346016e+01,2.074289624685125091e+02,1.169450019498725801e+01,2.569265272050837368e+01,0.000000000000000000e+00,1.156322457227677916e+02,2.071617644648130749e+02,0.000000000000000000e+00
5.000000000000000000e-01,9.000000000000000222e-01,9.000000000000000222e-01,1.000000000000000000e+00,2.504106834764640155e+01,2.199313002736919032e+02,0.000000000000000000e+00,0.000000000000000000e+00,0.000000000000000000e+00,0.000000000000000000e+00,0.000000000000000000e+00,0.000000000000000000e+00
5.000000000000000000e-01,9.000000000000000222e-01,1.000000000000000000e+00,1.000000000000000000e+00,2.542377143042105558e+01,2.290257203393416319e+02,0.000000000000000000e+00,0.000000000000000000e+00,0.000000000000000000e+00,0.000000000000000000e+00,0.000000000000000000e+00,0.000000000000000000e+00
5.000000000000000000e-01,1.000000000000000000e+00,1.000000000000000000e+00,1.000000000000000000e+00,2.514960128412176132e+01,2.462405318133844219e+02,0.000000000000000000e+00,0.000000000000000000e+00,0.000000000000000000e+00,0.000000000000000000e+00,0.000000000000000000e+00,0.000000000000000000e+00
6.000000000000000888e-01,6.000000000000000888e-01,6.000000000000000888e-01,2.000000000000000000e+00,3.711654382815527953e+01,2.174577135944452948e+02,0.000000000000000000e+00,0.000000000000000000e+00,0.000000000000000000e+00,0.000000000000000000e+00,0.000000000000000000e+00,0.000000000000000000e+00
6.000000000000000888e-01,6.000000000000000888e-01,7.000000000000000666e-01,2.000000000000000000e+00,3.754214843681694447e+01,2.250186414289538561e+02,0.000000000000000000e+00,0.000000000000000000e+00,0.000000000000000000e+00,0.000000000000000000e+00,0.000000000000000000e+00,0.000000000000000000e+00
6.000000000000000888e-01,6.000000000000000888e-01,8.000000000000000444e-01,2.000000000000000000e+00,3.812627331528015162e+01,2.284516080461129093e+02,0.000000000000000000e+00,0.000000000000000000e+00,0.000000000000000000e+00,0.000000000000000000e+00,0.000000000000000000e+00,0.000000000000000000e+00
6.000000000000000888e-01,6.000000000000000888e-01,9.000000000000000222e-01,2.000000000000000000e+00,3.837354804100356631e+01,2.306783353683092344e+02,0.000000000000000000e+00,0.000000000000000000e+00,0.000000000000000000e+00,0.000000000000000000e+00,0.000000000000000000e+00,0.000000000000000000e+00
6.000000000000000888e-01,6.000000000000000888e-01,1.000000000000000000e+00,2.000000000000000000e+00,3.861963125096557548e+01,2.323019793873604613e+02,0.000000000000000000e+00,0.000000000000000000e+00,0.000000000000000000e+00,0.000000000000000000e+00,0.000000000000000000e+00,0.000000000000000000e+00
6.000000000000000888e-01,7.000000000000000666e-01,7.000000000000000666e-01,2.000000000000000000e+00,3.828947532013297916e+01,2.344933237001088173e+02,0.000000000000000000e+00,0.000000000000000000e+00,0.000000000000000000e+00,0.000000000000000000e+00,0.000000000000000000e+00,0.000000000000000000e+00
6.000000000000000888e-01,7.000000000000000666e-01,8.000000000000000444e-01,2.000000000000000000e+00,3.869484388200283576e+01,2.383175118546088527e+02,0.000000000000000000e+00,0.000000000000000000e+00,0.000000000000000000e+00,0.000000000000000000e+00,0.000000000000000000e+00,0.000000000000000000e+00
6.000000000000000888e-01,7.000000000000000666e-01,9.000000000000000222e-01,2.000000000000000000e+00,3.909399089652247739e+01,2.407100989600253058e+02,1.158495478040954652e+01,2.545198298285890459e+01,0.000000000000000000e+00,1.031116614681224206e+02,1.802944173469874727e+02,0.000000000000000000e+00
6.000000000000000888e-01,7.000000000000000666e-01,1.000000000000000000e+00,2.000000000000000000e+00,3.933421933900914524e+01,2.424194933778287293e+02,1.209357960417496436e+01,2.582531189247749026e+01,0.000000000000000000e+00,1.155802765490152382e+02,1.829167056078520375e+02,0.000000000000000000e+00
6.000000000000000888e-01,8.000000000000000444e-01,8.000000000000000444e-01,2.000000000000000000e+00,3.924837162999026674e+01,2.421799582177351908e+02,0.000000000000000000e+00,0.000000000000000000e+00,0.000000000000000000e+00,0.000000000000000000e+00,0.000000000000000000e+00,0.000000000000000000e+00
6.000000000000000888e-01,8.000000000000000444e-01,9.000000000000000222e-01,2.000000000000000000e+00,3.963809990033713859e+01,2.446050820453760366e+02,0.000000000000000000e+00,0.000000000000000000e+00,0.000000000000000000e+00,0.000000000000000000e+00,0.000000000000000000e+00,0.000000000000000000e+00
6.000000000000000888e-01,8.000000000000000444e-01,1.000000000000000000e+00,2.000000000000000000e+00,3.987418883279229220e+01,2.463383519979822154e+02,1.211995992937151101e+01,2.556329507384944222e+01,0.000000000000000000e+00,1.155619890913455805e+02,2.071944777682475944e+02,0.000000000000000000e+00
6.000000000000000888e-01,9.000000000000000222e-01,9.000000000000000222e-01,2.000000000000000000e+00,4.002193724498250305e+01,2.469869291705632293e+02,0.000000000000000000e+00,0.000000000000000000e+00,0.000000000000000000e+00,0.000000000000000000e+00,0.000000000000000000e+00,0.000000000000000000e+00
6.000000000000000888e-01,9.000000000000000222e-01,1.000000000000000000e+00,2.000000000000000000e+00,4.025544758566287129e+01,2.487119239741479646e+02,0.000000000000000000e+00,0.000000000000000000e+00,0.000000000000000000e+00,0.000000000000000000e+00,0.000000000000000000e+00,0.000000000000000000e+00
6.000000000000000888e-01,1.000000000000000000e+00,1.000000000000000000e+00,2.000000000000000000e+00,4.048784598938420487e+01,2.504629984105397398e+02,0.000000000000000000e+00,0.000000000000000000e+00,0.000000000000000000e+00,0.000000000000000000e+00,0.000000000000000000e+00,0.000000000000000000e+00
7.000000000000000666e-01,7.000000000000000666e-01,7.000000000000000666e-01,2.000000000000000000e+00,3.743270837107045423e+01,2.568210638053205344e+02,0.000000000000000000e+00,0.000000000000000000e+00,0.000000000000000000e+00,0.000000000000000000e+00,0.000000000000000000e+00,0.000000000000000000e+00
7.000000000000000666e-01,7.000000000000000666e-01,8.000000000000000444e-01,2.000000000000000000e+00,3.801537461745986235e+01,2.649057638951580316e+02,0.000000000000000000e+00,0.000000000000000000e+00,0.000000000000000000e+00,0.000000000000000000e+00,0.000000000000000000e+00,0.000000000000000000e+00
7.000000000000000666e-01,7.000000000000000666e-01,9.000000000000000222e-01,2.000000000000000000e+00,3.842331644305098592e+01,2.687849175127244621e+02,0.000000000000000000e+00,0.000000000000000000e+00,0.000000000000000000e+00,0.000000000000000000e+00,0.000000000000000000e+00,0.000000000000000000e+00
7.000000000000000666e-01,7.000000000000000666e-01,1.000000000000000000e+00,2.000000000000000000e+00,3.866734881683319003e+01,2.713195849717185411e+02,0.000000000000000000e+00,0.000000000000000000e+00,0.000000000000000000e+00,0.000000000000000000e+00,0.000000000000000000e+00,0.000000000000000000e+00
7.000000000000000666e-01,8.000000000000000444e-01,8.000000000000000444e-01,2.000000000000000000e+00,3.842331655060241502e+01,2.749798607670426804e+02,0.000000000000000000e+00,0.000000000000000000e+00,0.000000000000000000e+00,0.000000000000000000e+00,0.000000000000000000e+00,0.000000000000000000e+00
7.000000000000000666e-01,8.000000000000000444e-01,9.000000000000000222e-01,2.000000000000000000e+00,3.898077448718628091e+01,2.793407837525467130e+02,0.000000000000000000e+00,0.000000000000000000e+00,0.000000000000000000e+00,0.000000000000000000e+00,0.000000000000000000e+00,0.000000000000000000e+00
7.000000000000000666e-01,8.000000000000000444e-01,1.000000000000000000e+00,2.000000000000000000e+00,3.922054434624480734e+01,2.820547169562851764e+02,1.205862943617617589e+01,2.543393742714818018e+01,0.000000000000000000e+00,1.156562750435029017e+02,2.071225252175354683e+02,0.000000000000000000e+00
7.000000000000000666e-01,9.000000000000000222e-01,9.000000000000000222e-01,2.000000000000000000e+00,3.952355817088675138e+01,2.837442905415617247e+02,0.000000000000000000e+00,0.000000000000000000e+00,0.000000000000000000e+00,0.000000000000000000e+00,0.000000000000000000e+00,0.000000000000000000e+00
7.000000000000000666e-01,9.000000000000000222e-01,1.000000000000000000e+00,2.000000000000000000e+00,3.975920418280237101e+01,2.864986656243689254e+02,0.000000000000000000e+00,0.000000000000000000e+00,0.000000000000000000e+00,0.000000000000000000e+00,0.000000000000000000e+00,0.000000000000000000e+00
7.000000000000000666e-01,1.000000000000000000e+00,1.000000000000000000e+00,2.000000000000000000e+00,4.013965087910497687e+01,2.892853157040410679e+02,0.000000000000000000e+00,0.000000000000000000e+00,0.000000000000000000e+00,0.000000000000000000e+00,0.000000000000000000e+00,0.000000000000000000e+00
8.000000000000000444e-01,8.000000000000000444e-01,8.000000000000000444e-01,2.000000000000000000e+00,3.790447591960281670e+01,2.965685620770781270e+02,0.000000000000000000e+00,0.000000000000000000e+00,0.000000000000000000e+00,0.000000000000000000e+00,0.000000000000000000e+00,0.000000000000000000e+00
8.000000000000000444e-01,8.000000000000000444e-01,9.000000000000000222e-01,2.000000000000000000e+00,3.831147403973333354e+01,3.050920908802312397e+02,0.000000000000000000e+00,0.000000000000000000e+00,0.000000000000000000e+00,0.000000000000000000e+00,0.000000000000000000e+00,0.000000000000000000e+00
8.000000000000000444e-01,8.000000000000000444e-01,1.000000000000000000e+00,2.000000000000000000e+00,3.871224313904141923e+01,3.093863861259638384e+02,0.000000000000000000e+00,0.000000000000000000e+00,0.000000000000000000e+00,0.000000000000000000e+00,0.000000000000000000e+00,0.000000000000000000e+00
8.000000000000000444e-01,9.000000000000000222e-01,9.000000000000000222e-01,2.000000000000000000e+00,3.871222032880417174e+01,3.156919522050197884e+02,0.000000000000000000e+00,0.000000000000000000e+00,0.000000000000000000e+00,0.000000000000000000e+00,0.000000000000000000e+00,0.000000000000000000e+00
8.000000000000000444e-01,9.000000000000000222e-01,1.000000000000000000e+00,2.000000000000000000e+00,3.910686942832139579e+01,3.205280710516718159e+02,0.000000000000000000e+00,0.000000000000000000e+00,0.000000000000000000e+00,0.000000000000000000e+00,0.000000000000000000e+00,0.000000000000000000e+00
8.000000000000000444e-01,1.000000000000000000e+00,1.000000000000000000e+00,2.000000000000000000e+00,3.964424290043990595e+01,3.254643533417680601e+02,0.000000000000000000e+00,0.000000000000000000e+00,0.000000000000000000e+00,0.000000000000000000e+00,0.000000000000000000e+00,0.000000000000000000e+00
9.000000000000000222e-01,9.000000000000000222e-01,9.000000000000000222e-01,2.000000000000000000e+00,3.819963163637829240e+01,3.366357749642581894e+02,0.000000000000000000e+00,0.000000000000000000e+00,0.000000000000000000e+00,0.000000000000000000e+00,0.000000000000000000e+00,0.000000000000000000e+00
9.000000000000000222e-01,9.000000000000000222e-01,1.000000000000000000e+00,2.000000000000000000e+00,3.859946793296261802e+01,3.455419475753722054e+02,0.000000000000000000e+00,0.000000000000000000e+00,0.000000000000000000e+00,0.000000000000000000e+00,0.000000000000000000e+00,0.000000000000000000e+00
9.000000000000000222e-01,1.000000000000000000e+00,1.000000000000000000e+00,2.000000000000000000e+00,3.883982903768720973e+01,3.565635404047828843e+02,0.000000000000000000e+00,0.000000000000000000e+00,0.000000000000000000e+00,0.000000000000000000e+00,0.000000000000000000e+00,0.000000000000000000e+00
1.000000000000000000e+00,1.000000000000000000e+00,1.000000000000000000e+00,2.000000000000000000e+00,3.848669272684568909e+01,3.769791442122186140e+02,0.000000000000000000e+00,0.000000000000000000e+00,0.000000000000000000e+00,0.000000000000000000e+00,0.000000000000000000e+00,0.000000000000000000e+00
